<library path="lib/libmy_franka_controller">
  <class name="franka_robot_controllers/JointVelocityController"
         type="franka_robot_controllers::JointVelocityController"
         base_class_type="controller_interface::ControllerBase">
    <description>
      Franka robot velocity position controller, Kevin Galassi Bologna
    </description>
  </class>

  <class name="franka_robot_controllers/CartesianVelocityController"
         type="franka_robot_controllers::CartesianVelocityController"
         base_class_type="controller_interface::ControllerBase">
    <description>
      Franka robot cartesian velocity 
    </description>
  </class>

  <class name="franka_robot_controllers/StatePublisher"
         type="franka_robot_controllers/StatePublisher"
         base_class_type="controller_Interface::ControllerBase">
    <description>
      Franka State publisher, always launch!
    </description>

</library>




